"First name","Second name","ID"
"A.J.","GREER",0
"AARON","BROTEN",1
"AARON","EKBLAD",2
"AARON","NESS",3
"AARON","WARD",4
"AATU","JAMSEN",5
"AATU","RATY",6
"ABBY","BOREEN",7
"ABBY","ROQUE",8
"ADAM","BECKMAN",9
"ADAM","BENAK",10
"ADAM","BOQVIST",11
"ADAM","BURISH",12
"ADAM","EDSTRÖM",13
"ADAM","ENGSTROM",14
"ADAM","FANTILLI",15
"ADAM","FOOTE",16
"ADAM","FOX",17
"ADAM","GAUDETTE",18
"ADAM","GINNING",19
"ADAM","GRAVES",20
"ADAM","HALL",21
"ADAM","HENRIQUE",22
"ADAM","HOFBAUER",23
"ADAM","JIRICEK",24
"ADAM","KLAPKA",25
"ADAM","LARSSON",26
"ADAM","LOWRY",27
"ADAM","NOVOTNÝ",28
"ADAM","OATES",29
"ADAM","OLLAS MATTSSON",30
"ADAM","PELECH",31
"ADAM","SYKORA",32
"ADAM","WILSBY",33
"ADRIAN","AUCOIN",34
"ADRIAN","KEMPE",35
"AIDAN","MCDONOUGH",36
"AKIL","THOMAS",37
"AKITO","HIROSE",38
"AL","IAFRATE",39
"AL","MACINNIS",40
"ALAN","MACADAM",41
"ALBERT","JOHANSSON",42
"ALBERT","WIKMAN",43
"ALBIN","GREWE",44
"ALBIN","SUNDIN",45
"ALBIN","SUNDSVIK",46
"ALEC","REGULA",47
"ALEKSANDER","BARKOV",48
"ALEKSANTERI","KASKIMAKI",49
"ALEKSI","HEPONIEMI",50
"ALES","HEMSKY",51
"ALEX","BARRE-BOULET",52
"ALEX","BELZILE",53
"ALEX","CARPENTER",54
"ALEX","DEBRINCAT",55
"ALEX","DELVECCHIO",56
"ALEX","GALLANT",57
"ALEX","HUANG",58
"ALEX","IAFALLO",59
"ALEX","JEFFERIES",60
"ALEX","KANNOK-LEIPERT",61
"ALEX","KILLORN",62
"ALEX","LAFERRIERE",63
"ALEX","NEWHOOK",64
"ALEX","OVECHKIN",65
"ALEX","PETROVIC",66
"ALEX","PIETRANGELO",67
"ALEX","STEEVES",68
"ALEX","TANGUAY",69
"ALEX","TUCH",70
"ALEX","TURCOTTE",71
"ALEX","VLASIC",72
"ALEXANDER","ALEXEYEV",73
"ALEXANDER","HOLTZ",74
"ALEXANDER","KERFOOT",75
"ALEXANDER","LUNDQVIST",76
"ALEXANDER","NIKISHIN",77
"ALEXANDER","ROMANOV",78
"ALEXANDER","STEEN",79
"ALEXANDER","SUZDALEV",80
"ALEXANDER","WENNBERG",81
"ALEXANDRE","BURROWS",82
"ALEXANDRE","CARRIER",83
"ALEXANDRE","DOUCET",84
"ALEXANDRE","TEXIER",85
"ALEXEY","TOROPCHENKO",86
"ALEXIS","GENDRON",87
"ALEXIS","LAFRENIÈRE",88
"ALFONS","FREIJ",89
"ALIAKSEI","PROTAS",90
"ALLIE","MUNROE",91
"ALLYSON","SIMPSON",92
"ALYN","MCCAULEY",93
"AMADEUS","LOMBARDI",94
"AMANDA","BOULIER",95
"ANDERS","HEDBERG",96
"ANDERS","LEE",97
"ANDRE","BURAKOVSKY",98
"ANDRE","LEE",99
"ANDREAS","BORGMAN",100
"ANDREAS","ENGLUND",101
"ANDREAS","JOHNSSON",102
"ANDREI","KUZMENKO",103
"ANDREI","SVECHNIKOV",104
"ANDREW","AGOZZINO",105
"ANDREW","ALBERTS",106
"ANDREW","CASSELS",107
"ANDREW","COPP",108
"ANDREW","LADD",109
"ANDREW","MANGIAPANE",110
"ANDREW","PEEKE",111
"ANDREW","PERROTT",112
"ANDREW","POTURALSKI",113
"ANDREW","SHAW",114
"ANDY","BATHGATE",115
"ANDY","MCDONALD",116
"ANGUS","BOOTH",117
"ANGUS","CROOKSHANK",118
"ANNA","MEIXNER",119
"ANNA","WILGREN",120
"ANNEKE","RANKILA",121
"ANTHONY","BEAUVILLIER",122
"ANTHONY","CIRELLI",123
"ANTHONY","DUCLAIR",124
"ANTHONY","MANTHA",125
"ANTHONY","RICHARD",126
"ANTHONY","VINCENT",127
"ANTON","BENGTSSON",128
"ANTON","BLIDH",129
"ANTON","HEIKKINEN",130
"ANTON","JOHANSSON",131
"ANTON","LANDER",132
"ANTON","LEVTCHI",133
"ANTON","LUNDELL",134
"ANTON","LUNDMARK",135
"ANTON","MALMSTROM",136
"ANTON","OHLSSON",137
"ANTON","RODIN",138
"ANTON","WAHLBERG",139
"ANTON","WEDIN",140
"ANTONIO","STRANGES",141
"ANTTI","TUOMISTO",142
"ANZE","KOPITAR",143
"ARBER","XHEKAJ",144
"ARSHDEEP","BAINS",145
"ARTEM","GRUSHNIKOV",146
"ARTEM","GURYEV",147
"ARTEM","ZUB",148
"ARTEMI","PANARIN",149
"ARTHUR","KALIYEV",150
"ARTTU","HYRY",151
"ARTTU","RUOTSALAINEN",152
"ARTTURI","LEHKONEN",153
"ARTYOM","LEVSHUNOV",154
"ARVID","BERGSTROM",155
"ARVID","COSTMAR",156
"ARVID","ELJAS",157
"ARVID","LUNDBERG",158
"ASHTON","BELL",159
"ASHTON","SAUTNER",160
"ATLEE","CALVERT",161
"AUGUST","BERG",162
"AUGUST","TORNBERG",163
"AUSTIN","POGANSKI",164
"AUSTIN","STRAND",165
"AUSTIN","WATSON",166
"AUSTON","MATTHEWS",167
"AVERY","HAYES",168
"AXEL","ANDERSSON",169
"AXEL","BERGKVIST",170
"AXEL","JONSSON FJALLBY",171
"AXEL","RINDELL",172
"AXEL","SANDIN-PELLIKKA",173
"AXEL","SMEDS",174
"AXEL","SUNDBERG",175
"BARCLAY","GOODROW",176
"BARRET","JACKMAN",177
"BARRETT","HAYTON",178
"BECKETT","SENNECKE",179
"BEN","CHIAROT",180
"BEN","HEMMERLING",181
"BEN","HUTTON",182
"BEN","JONES",183
"BEN","KING",184
"BEN","MCCARTNEY",185
"BEN","MEYERS",186
"BEN","STEEVES",187
"BEN","ZLOTY",188
"BENJAMIN","GLEASON",189
"BENJAMIN","KINDEL",190
"BENOIT","HOGUE",191
"BENOIT-OLIVIER","GROULX",192
"BERKLY","CATTON",193
"BERNIE","FEDERKO",194
"BERNIE","GEOFFRION",195
"BERNIE","NICHOLLS",196
"BILL","BARBER",197
"BILL","GUERIN",198
"BILL","LESUK",199
"BILLY","SWEEZEY",200
"BLAINE","STOUGHTON",201
"BLAKE","COLEMAN",202
"BLAKE","DUNLOP",203
"BLAKE","HILLMAN",204
"BLAKE","LIZOTTE",205
"BLAYRE","TURNBULL",206
"BO","HORVAT",207
"BOB","BAUN",208
"BOB","GAINEY",209
"BOB","KELLY",210
"BOB","MURRAY",211
"BOB","NEVIN",212
"BOB","NYSTROM",213
"BOB","PROBERT",214
"BOB","PULFORD",215
"BOB","ROUSE",216
"BOBBY","BRINK",217
"BOBBY","CARPENTER",218
"BOBBY","CLARKE",219
"BOBBY","HOLIK",220
"BOBBY","MCMANN",221
"BOBBY","SMITH",222
"BOBBY","TRIVIGNO",223
"BOGDAN","TRINEYEV",224
"BOKONDJI","IMAMA",225
"BOONE","JENNER",226
"BORIS","KATCHOUK",227
"BORJE","SALMING",228
"BOWEN","BYRAM",229
"BRAD","BOYES",230
"BRAD","GARDINER",231
"BRAD","LAMBERT",232
"BRAD","LUKOWICH",233
"BRAD","MARCHAND",234
"BRAD","MAXWELL",235
"BRAD","MAY",236
"BRAD","MCCRIMMON",237
"BRAD","PARK",238
"BRAD","RICHARDS",239
"BRADEN","HACHE",240
"BRADEN","SCHNEIDER",241
"BRADLEY","MAREK",242
"BRADLY","NADEAU",243
"BRADY","MARTIN",244
"BRADY","SKJEI",245
"BRADY","TKACHUK",246
"BRAEDEN","BOWMAN",247
"BRAEDEN","COOTES",248
"BRANDON","CARLO",249
"BRANDON","DUHAIME",250
"BRANDON","HAGEL",251
"BRANDON","HICKEY",252
"BRANDON","MONTOUR",253
"BRANDON","SAAD",254
"BRANDON","SCANLIN",255
"BRANDON","TANEV",256
"BRANDT","CLARKE",257
"BRAYDEN","MCNABB",258
"BRAYDEN","PACHAL",259
"BRAYDEN","POINT",260
"BRAYDEN","SCHENN",261
"BRENDAN","BRISSON",262
"BRENDAN","FURRY",263
"BRENDAN","GALLAGHER",264
"BRENDAN","GAUNCE",265
"BRENDAN","MORRISON",266
"BRENDAN","SHANAHAN",267
"BRENDAN","WARREN",268
"BRENDEN","DILLON",269
"BRENDEN","MORROW",270
"BRENNAN","OTHMANN",271
"BRENT","ASHTON",272
"BRENT","BURNS",273
"BRENT","GILCHRIST",274
"BRENT","GRIEVE",275
"BRENT","SEABROOK",276
"BRENT","SUTTER",277
"BRETT","BERARD",278
"BRETT","DAVIS",279
"BRETT","HARRISON",280
"BRETT","HOWDEN",281
"BRETT","HULL",282
"BRETT","KULAK",283
"BRETT","PESCE",284
"BRETT","SENEY",285
"BRIAN","BELLOWS",286
"BRIAN","BRADLEY",287
"BRIAN","CAMPBELL",288
"BRIAN","COOPER",289
"BRIAN","DUMOULIN",290
"BRIAN","ENGBLOM",291
"BRIAN","GIONTA",292
"BRIAN","HALONEN",293
"BRIAN","LEETCH",294
"BRIAN","MACLELLAN",295
"BRIAN","MCGRATTAN",296
"BRIAN","MULLEN",297
"BRIAN","O'NEILL",298
"BRIAN","PINHO",299
"BRIAN","PROPP",300
"BRIANNE","JENNER",301
"BRITTA","CURL",302
"BROC","LITTLE",303
"BROCK","BOESER",304
"BROCK","FABER",305
"BROCK","NELSON",306
"BROOKE","HOBSON",307
"BROOKE","MCQUIGGE",308
"BROOKLYN","KALMIKOV",309
"BROOKS","ORPIK",310
"BRYAN","ALLEN",311
"BRYAN","BERARD",312
"BRYAN","MARCHMENT",313
"BRYAN","MCCABE",314
"BRYAN","RUST",315
"BRYAN","TROTTIER",316
"BRYAN","YOON",317
"BRYCE","MCCONNELL-BARKER",318
"BRYCE","MONTGOMERY",319
"BRYCE","PICKFORD",320
"BRYCE","SALVADOR",321
"BUTCH","GORING",322
"C.J.","SUESS",323
"CADE","WEBBER",324
"CAEDAN","BANKIER",325
"CALE","FLEURY",326
"CALE","HULSE",327
"CALE","MAKAR",328
"CALEB","DESNOYERS",329
"CALEB","JONES",330
"CALEN","ADDISON",331
"CALLE","JARNKROK",332
"CALLE","ODELIUS",333
"CALLE","ROSEN",334
"CALLE","SJALIN",335
"CAM","DINEEN",336
"CAM","FOWLER",337
"CAM","THIESING",338
"CAM","YORK",339
"CAMERON","BUTLER",340
"CAMERON","HEBIG",341
"CAMERON","HUGHES",342
"CAMERON","SCHMIDT",343
"CAMERON","WRIGHT",344
"CARL","GRUNDSTROM",345
"CARL","GRUNDSTRÖM",346
"CARL","HAGELIN",347
"CARL","PERSSON",348
"CARLO","COLAIACOVO",349
"CARSON","BANTLE",350
"CARSON","CARELS",351
"CARSON","LAMBOS",352
"CARSON","MEYER",353
"CARSON","SOUCY",354
"CARSON","WOODALL",355
"CARTER","MAZUR",356
"CARTER","VERHAEGHE",357
"CASE","MCCARTHY",358
"CASEY","CIZIKAS",359
"CASEY","FITZGERALD",360
"CASEY","MITTELSTADT",361
"CATHERINE","DUBOIS",362
"CAVAN","FITZGERALD",363
"CAYLA","BARNES",364
"CHAD","NYCHUK",365
"CHANDLER","STEPHENSON",366
"CHARLE-EDOUARD","D'ASTOUS",367
"CHARLIE","CONACHER",368
"CHARLIE","COYLE",369
"CHARLIE","HUDDY",370
"CHARLIE","MCAVOY",371
"CHARLIE","SIMMER",372
"CHARLIE","WRIGHT",373
"CHAS","SHARPE",374
"CHASE","BRADLEY",375
"CHASE","STILLMAN",376
"CHASE","WHEATCROFT",377
"CHASE","WOUTERS",378
"CHLOÉ","AURARD",379
"CHRIS","CHELIOS",380
"CHRIS","CLARK",381
"CHRIS","HARPUR",382
"CHRIS","KREIDER",383
"CHRIS","KUNITZ",384
"CHRIS","NILAN",385
"CHRIS","PHILLIPS",386
"CHRIS","PRONGER",387
"CHRIS","TERRY",388
"CHRIS","THORBURN",389
"CHRIS","WAGNER",390
"CHRISTIAN","DJOOS",391
"CHRISTIAN","DVORAK",392
"CHRISTIAN","FOLIN",393
"CHRISTIAN","JAROS",394
"CHRISTIAN","KYROU",395
"CHRISTIAN","WOLANIN",396
"CHRISTOFFER","EHN",397
"CHRISTOFFER","FORSBERG",398
"CHRISTOFFER","JANSSON",399
"CHRISTOFFER","SEDOFF",400
"CHRISTOPH","BRANDNER",401
"CHRISTOPHER","MASTOMAKI",402
"CHRISTOPHER","TANEV",403
"CHUCK","KOBASEW",404
"CHUCK","LEFLEY",405
"CLAIR","DEGEORGE",406
"CLAIRE","BUTORAC",407
"CLAIRE","DALTON",408
"CLAIRE","THOMPSON",409
"CLARK","BISHOP",410
"CLARK","GILLIES",411
"CLAUDE","GIROUX",412
"CLAUDE","LEMIEUX",413
"CLAYTON","KELLER",414
"CLIFF","KOROLL",415
"CODY","CECI",416
"CODY","GLASS",417
"COLBY","SISSONS",418
"COLE","BEAUDOIN",419
"COLE","CAUFIELD",420
"COLE","CLAYTON",421
"COLE","GUTTMAN",422
"COLE","KOEPKE",423
"COLE","MCWARD",424
"COLE","PERFETTI",425
"COLE","REINHARDT",426
"COLE","SCHWINDT",427
"COLE","SILLINGER",428
"COLE","SMITH",429
"COLIN","BLACKWELL",430
"COLIN","FELIX",431
"COLIN","FRASER",432
"COLIN","MILLER",433
"COLIN","PATTERSON",434
"COLIN","UGBEKILE",435
"COLIN","WHITE",436
"COLIN","WILSON",437
"COLLIN","GRAF",438
"COLTON","DACH",439
"COLTON","PARAYKO",440
"COLTON","SISSONS",441
"COLTON","WHITE",442
"CONNOR","BEDARD",443
"CONNOR","BROWN",444
"CONNOR","CLIFTON",445
"CONNOR","DEWAR",446
"CONNOR","MACKEY",447
"CONNOR","MCDAVID",448
"CONNOR","MCMICHAEL",449
"CONNOR","MURPHY",450
"CONNOR","MYLYMOK",451
"CONNOR","PUNNETT",452
"CONNOR","ZARY",453
"CONOR","GARLAND",454
"CONOR","GEEKIE",455
"CONOR","SHEARY",456
"CONOR","TIMMINS",457
"COOPER","MARODY",458
"COOPER","WALKER",459
"COREY","PERRY",460
"COREY","SCHUENEMAN",461
"CORSON","CEULEMANS",462
"CORY","CROSS",463
"CORY","SARICH",464
"COULSON","PITRE",465
"CRAIG","HARTSBURG",466
"CRAIG","LAUGHLIN",467
"CRAIG","LUDWIG",468
"CRAIG","MACTAVISH",469
"CRAIG","SIMPSON",470
"CURTIS","DOUGLAS",471
"CURTIS","GLENCROSS",472
"CURTIS","LAZAR",473
"CURTIS","LESCHYSHYN",474
"CURTIS","MCKENZIE",475
"CUTTER","GAUTHIER",476
"DAEMON","HUNT",477
"DAINIUS","ZUBRUS",478
"DAKOTA","JOSHUA",479
"DAKOTA","MERMIS",480
"DALE","HAWERCHUK",481
"DALIBOR","DVORSKY",482
"DALLAS","SMITH",483
"DALTON","SMITH",484
"DAMON","SEVERSON",485
"DAN","BOYLE",486
"DAN","GIRARDI",487
"DAN","HINOTE",488
"DAN","KECZMER",489
"DAN","QUINN",490
"DANA","MURZYN",491
"DANIEL","ALFREDSSON",492
"DANIEL","BRIERE",493
"DANIEL","BRODIN",494
"DANIEL","CARR",495
"DANIEL","D'AMATO",496
"DANIEL","PAILLE",497
"DANIEL","SEDIN",498
"DANIEL","ZAAR",499
"DANIELLE","SERDACHNY",500
"DANIIL","MIROMANOV",501
"DANILA","KLIMOVICH",502
"DANNY","GARE",503
"DANNY","GRANT",504
"DANNY","ZHILKIN",505
"DANTE","FABBRO",506
"DANTON","HEINEN",507
"DANY","HEATLEY",508
"DARA","GREIG",509
"DARCY","TUCKER",510
"DARIUS","KASPARAITIS",511
"DARNELL","NURSE",512
"DARREN","LANGDON",513
"DARREN","MCCARTY",514
"DARREN","RADDYSH",515
"DARREN","TURCOTTE",516
"DARRYL","SITTLER",517
"DARRYL","SUTTER",518
"DARYL","WATTS",519
"DAVE","ANDREYCHUK",520
"DAVE","BABYCH",521
"DAVE","ELLETT",522
"DAVE","HUNTER",523
"DAVE","KEON",524
"DAVE","LANGEVIN",525
"DAVE","LUMLEY",526
"DAVE","SCHULTZ",527
"DAVE","TAYLOR",528
"DAVID","BACKES",529
"DAVID","BERNHARDT",530
"DAVID","BLOMGREN",531
"DAVID","BOOTH",532
"DAVID","EDSTROM",533
"DAVID","GOYETTE",534
"DAVID","GRANBERG",535
"DAVID","GUSTAFSSON",536
"DAVID","JIRICEK",537
"DAVID","JONES",538
"DAVID","KAMPF",539
"DAVID","LILJA",540
"DAVID","PASTRNAK",541
"DAVID","PERRON",542
"DAVID","QUENNEVILLE",543
"DAVID","REINBACHER",544
"DAVID","SPACEK",545
"DAVID","TOMASEK",546
"DAWSON","BARTEAUX",547
"DAWSON","MERCER",548
"DAXON","RUDOLPH",549
"DAYLAN","KUEFLER",550
"DEAN","PRENTICE",551
"DECLAN","CARLILE",552
"DECLAN","CHISHOLM",553
"DENI","GOURE",554
"DENIS","MALGIN",555
"DENIS","POTVIN",556
"DENIS","SAVARD",557
"DENNIS","CESANA",558
"DENNIS","CHOLOWSKI",559
"DENNIS","EVERBERG",560
"DENNIS","GILBERT",561
"DENNIS","HEXTALL",562
"DENNIS","HULL",563
"DENNIS","KEARNS",564
"DENNIS","MARUK",565
"DENNIS","RASMUSSEN",566
"DENTON","MATEYCHUK",567
"DEREK","FORBORT",568
"DEREK","KING",569
"DEREK","PLANTE",570
"DEREK","ROY",571
"DERRICK","POULIOT",572
"DERYK","ENGELLAND",573
"DEVON","TOEWS",574
"DICK","DUFF",575
"DIDRIK","STROMBERG",576
"DILLON","BOUCHER",577
"DIMITRY","AFANASENKOV",578
"DINO","KAMBEITZ",579
"DJIBRIL","TOURE",580
"DMITRI","KUZMIN",581
"DMITRI","MIRONOV",582
"DMITRI","VORONKOV",583
"DMITRY","KULIKOV",584
"DMITRY","ORLOV",585
"DMITRY","OSIPOV",586
"DOMENICK","FENSORE",587
"DOMINIC","MOORE",588
"DOMINIC","TONINATO",589
"DOMINIK","BADINKA",590
"DOMINIK","EGLI",591
"DOMINIK","SHINE",592
"DOMINIQUE","PETRIE",593
"DON","LUCE",594
"DON","MARCOTTE",595
"DONALD","AUDETTE",596
"DONALD","AWREY",597
"DONOVAN","SEBRANGO",598
"DOUG","BODGER",599
"DOUG","CROSSMAN",600
"DOUG","GILMOUR",601
"DOUG","JARVIS",602
"DOUG","LIDSTER",603
"DOUG","RISEBROUGH",604
"DOUG","WEIGHT",605
"DOUGIE","HAMILTON",606
"DOUGLAS","BROWN",607
"DOUGLAS","MURRAY",608
"DRAKE","BATHERSON",609
"DREW","BAVARO",610
"DREW","DOUGHTY",611
"DREW","HELLESON",612
"DREW","O'CONNOR",613
"DRYDEN","HUNT",614
"DUANE","SUTTER",615
"DUSTIN","BROWN",616
"DYLAN","COGHLAN",617
"DYLAN","COZENS",618
"DYLAN","DEMELO",619
"DYLAN","DUKE",620
"DYLAN","GUENTHER",621
"DYLAN","HOLLOWAY",622
"DYLAN","LARKIN",623
"DYLAN","MCILRATH",624
"DYLAN","MCLAUGHLIN",625
"DYLAN","PETERSON",626
"DYLAN","ROOBROECK",627
"DYLAN","SAMBERG",628
"DYLAN","STROME",629
"DYLAN","WENDT",630
"DYLLAN","GILL",631
"EARL","INGARFIELD SR.",632
"EASTON","COWAN",633
"ED","HOSPODAR",634
"ED","WESTFALL",635
"EDDIE","OLCZYK",636
"EDGAR","LAPRADE",637
"EDUARD","SALE",638
"EDUARDS","TRALMAKS",639
"EDVIN","HAMMARLUND",640
"EELI","TOLVANEN",641
"EEMELI","SUOMI",642
"EEMIL","VIRO",643
"EETU","KOIVISTOINEN",644
"EETU","LIUKAS",645
"EETU","LUOSTARINEN",646
"EGOR","POLIN",647
"EINAR","EMANUELSSON",648
"ELIAS","LINDHOLM",649
"ELIAS","PETTERSSON",650
"ELIAS","ROSEN",651
"ELIAS","SALOMONSSON",652
"ELIZABETH","GIGUÈRE",653
"ELLA","SHELTON",654
"ELLE","HARTJE",655
"ELMER","LACH",656
"ELMER","SODERBLOM",657
"ELMER","SÖDERBLOM",658
"EMIL","ALBA",659
"EMIL","ANDRAE",660
"EMIL","DJUSE",661
"EMIL","HEINEMAN",662
"EMIL","PETTERSSON",663
"EMIL","SYLVEGARD",664
"EMIL MARTINSEN","LILLEBERG",665
"EMILY","BROWN",666
"EMILY","CLARK",667
"EMMA","GRECO",668
"EMMA","MALTAIS",669
"EMMA","WOODS",670
"EMMY","FECTEAU",671
"EPHRAM","MCNUTT",672
"ERIC","BELANGER",673
"ERIC","BURGER",674
"ERIC","DAZE",675
"ERIC","LINDROS",676
"ERIC","ROBINSON",677
"ERIK","BRANNSTROM",678
"ERIK","CERNAK",679
"ERIK","CONDRA",680
"ERIK","GUDBRANSON",681
"ERIK","GUSTAFSSON",682
"ERIK","HAULA",683
"ERIK","KARLSSON",684
"ERIK","MIDDENDORF",685
"ERIK","NOREN",686
"ERIK","THORELL",687
"ERIK","WALLI WALTERHOLM",688
"ERIN","AMBROSE",689
"ERROL","THOMPSON",690
"ESA","LINDELL",691
"ESA","TIKKANEN",692
"ESKILD","BAKKE OLSEN",693
"ETHAN","BEAR",694
"ETHAN","BELCHETZ",695
"ETHAN","CARDWELL",696
"ETHAN","DE JONG",697
"ETHAN","DEL MASTRO",698
"ETHAN","FRISCH",699
"ETHAN","KEPPEN",700
"ETHAN","MACKENZIE",701
"ETHAN","MOREAU",702
"ETHAN","SAMSON",703
"ETHEN","FRANK",704
"EVAN","BOUCHARD",705
"EVAN","DÉPATIE",706
"EVAN","FRIESEN",707
"EVAN","RODRIGUES",708
"EVAN","VIERLING",709
"EVANDER","KANE",710
"EVGENI","MALKIN",711
"EVGENII","DADONOV",712
"FABIAN","LYSELL",713
"FABIAN","WAGNER",714
"FABIAN","ZETTERLUND",715
"FEDOR","SVECHKOV",716
"FEDOR","TYUTIN",717
"FELIX","NILSSON",718
"FELIX","ROBERT",719
"FELIX","UNGER SORUM",720
"FILIP","BERGLUND",721
"FILIP","BJORKMAN",722
"FILIP","BYSTEDT",723
"FILIP","CEDERQVIST",724
"FILIP","CHYTIL",725
"FILIP","ERIKSSON",726
"FILIP","FORSBERG",727
"FILIP","HALLANDER",728
"FILIP","HASA",729
"FILIP","HRONEK",730
"FILIP","JOHANSSON",731
"FILIP","KUBA",732
"FILIP","MESAR",733
"FILIP","ROOS",734
"FILIP","WESTERLUND",735
"FLORIAN","XHEKAJ",736
"FRANCESCO","ARCURI",737
"FRANCESCO","PINELLI",738
"FRANCOIS","BEAUCHEMIN",739
"FRANK","MAHOVLICH",740
"FRANK","NAZAR",741
"FRANK","VATRANO",742
"FRANS","HAARA",743
"FRASER","MINTEN",744
"FRED","NILSSON",745
"FREDERIC","ALLARD",746
"FREDERIC","BRUNET",747
"FREDERICK","GAUDREAU",748
"FREDRIK","HANDEMARK",749
"FREDRIK","KARLSTROM",750
"FREDRIK","MODIN",751
"FREDRIK","OLAUSSON",752
"FREDRIK","OLOFSSON",753
"GABBIE","HUGHES",754
"GABBY","ROSENTHAL",755
"GABE","KLASSEN",756
"GABE","SMITH",757
"GABE","VILARDI",758
"GABRIEL","CARLSSON",759
"GABRIEL","FONTAINE",760
"GABRIEL","LANDESKOG",761
"GABRIEL","SEGER",762
"GABRIEL","SZTURC",763
"GAGE","GONCALVES",764
"GANNON","LAROQUE",765
"GARNET","HATHAWAY",766
"GARNET \""ACE\""","BAILEY",767
"GARRETT","PILON",768
"GARRETT","WILSON",769
"GARRY","HOWATT",770
"GARRY","UNGER",771
"GARRY","VALK",772
"GARTH","BUTCHER",773
"GARY","DORNHOEFER",774
"GARY","ROBERTS",775
"GARY","SUTER",776
"GAVIN","BRINDLEY",777
"GAVIN","HAIN",778
"GAVIN","HAYES",779
"GAVIN","WHITE",780
"GEORGE","PARROS",781
"GEORGES","LARAQUE",782
"GEORGII","MERKULOV",783
"GERALD","KORAB",784
"GERRY","MEEHAN",785
"GILBERT","DIONNE",786
"GINO","ODJICK",787
"GLEB","TRIKOZOV",788
"GLEN","MURRAY",789
"GLENN","ANDERSON",790
"GLENN","GAWDIN",791
"GLENN","GUSTAFSSON",792
"GORD","MURPHY",793
"GORDIE","HOWE",794
"GORDIE","ROBERTS",795
"GRACE","ZUMWINKLE",796
"GRAEME","CLARKE",797
"GRAHAM","SLAGGERT",798
"GRANT","CRUIKSHANK",799
"GRANT","JENNINGS",800
"GRANT","MARSHALL",801
"GRAYSON","BURZYNSKI",802
"GREG","ADAMS",803
"GREG","DE VRIES",804
"GREG","MALONE",805
"GREG","SCOTT",806
"GUILLAUME","BRISEBOIS",807
"GUSTAV","BACKSTROM",808
"GUSTAV","FORSLING",809
"GUSTAV","LINDSTROM",810
"GUSTAV","NYQUIST",811
"GUSTAV","OLOFSSON",812
"GUSTAV","RYDAHL",813
"GUY","CARBONNEAU",814
"GUY","LAPOINTE",815
"HADLEY","HARTMETZ",816
"HAL","GILL",817
"HAMPUS","LINDHOLM",818
"HANNAH","BILKA",819
"HANNAH","BRANDT",820
"HANNAH","MILLER",821
"HAROLD","SNEPSTS",822
"HARRISON","BRUNICKE",823
"HARRY","HOWELL",824
"HARRY","NANSI",825
"HAYDEN","HODGSON",826
"HAYDN","FLEURY",827
"HAYLEY","SCAMURRA",828
"HEIKKI","LIEDES",829
"HELGE","GRANS",830
"HENDRIX","LAPIERRE",831
"HENRI","JOKIHARJU",832
"HENRI","RICHARD",833
"HENRIK","SEDIN",834
"HENRIK","TOMMERNES",835
"HENRIK","ZETTERBERG",836
"HENRY","RYBINSKI",837
"HENRY","THRUN",838
"HILARY","KNIGHT",839
"HOWIE","MORENZ",840
"HUGH","MCGING",841
"HUGO","BLIXT",842
"HUGO","FRANSSON",843
"HUGO","GUSTAFSSON",844
"HUGO","LEJON",845
"HUGO","PETTERSSON",846
"HUNTER","BRZUSTEWICZ",847
"HUNTER","DREW",848
"HUNTER","HAIGHT",849
"HUNTER","MCDONALD",850
"HUNTER","MCKOWN",851
"HUNTER","SKINNER",852
"IAN","COLE",853
"IAN","MCKINNON",854
"IAN","MITCHELL",855
"IGOR","LARIONOV",856
"ILYA","LYUBUSHKIN",857
"ILYA","MIKHEYEV",858
"ILYA","SOLOVYOV",859
"ISAAC","BELLIVEAU",860
"ISAAC","RATCLIFFE",861
"ISAAK","PHILLIPS",862
"ISAC","BORN",863
"ISAC","BRANNSTROM",864
"ISAC","HEDQVIST",865
"ISAC","HEENS",866
"ISAC","LUNDESTROM",867
"ISAIAH","GEORGE",868
"ISAK","ROSEN",869
"ISRAEL","MIANSCUM",870
"IVAN","BARBASHEV",871
"IVAN","DEMIDOV",872
"IVAN","IVAN",873
"IVAN","MIROSHNICHENKO",874
"IVAN","PROVOROV",875
"IZZY","DANIEL",876
"J.J.","MOSER",877
"J.R.","AVON",878
"J.T.","COMPHER",879
"J.T.","MILLER",880
"JAAKKO","LANTTA",881
"JAAKKO","RISSANEN",882
"JACCOB","SLAVIN",883
"JACK","AHCAN",884
"JACK","BECKER",885
"JACK","BERGLUND",886
"JACK","DRURY",887
"JACK","EICHEL",888
"JACK","FINLEY",889
"JACK","HUGHES",890
"JACK","KOPACKA",891
"JACK","MALONE",892
"JACK","MATIER",893
"JACK","MCBAIN",894
"JACK","MILLAR",895
"JACK","RANDL",896
"JACK","RATHBONE",897
"JACK","ROSLOVIC",898
"JACK","ST.IVANY",899
"JACK","STUDNICKA",900
"JACK","THOMPSON",901
"JACKSON","BLAKE",902
"JACKSON","CATES",903
"JACKSON","EDWARD",904
"JACKSON","LACOMBE",905
"JACOB","BERNARD-DOCKER",906
"JACOB","DOTY",907
"JACOB","GAUCHER",908
"JACOB","MACDONALD",909
"JACOB","MELANSON",910
"JACOB","MIDDLETON",911
"JACOB","MOVERARE",912
"JACOB","PERREAULT",913
"JACOB","PETERSON",914
"JACOB","QUILLAN",915
"JACOB","RAGNARSSON",916
"JACOB","TROUBA",917
"JACQUES","LEMAIRE",918
"JADE","DOWNIE-LANDRY",919
"JADEN","SCHWARTZ",920
"JAGGER","FIRKUS",921
"JAGGER","JOSHUA",922
"JAIME","BOURBONNAIS",923
"JAKE","BEAN",924
"JAKE","BISCHOFF",925
"JAKE","CHIASSON",926
"JAKE","CHRISTIANSEN",927
"JAKE","DEBRUSK",928
"JAKE","EVANS",929
"JAKE","FURLONG",930
"JAKE","GUENTZEL",931
"JAKE","LESCHYSHYN",932
"JAKE","LUCCHINI",933
"JAKE","MCCABE",934
"JAKE","NEIGHBOURS",935
"JAKE","O'BRIEN",936
"JAKE","SANDERSON",937
"JAKE","WALMAN",938
"JAKE","WISE",939
"JAKOB","CHYCHRUN",940
"JAKOB","PELLETIER",941
"JAKOB","SILFVERBERG",942
"JAKUB","BRABENEC",943
"JAKUB","DEMEK",944
"JAKUB","DVORAK",945
"JAKUB","FIBIGR",946
"JAKUB","RYCHLOVSKY",947
"JALEN","CHATFIELD",948
"JALEN","LUYPEN",949
"JAMAL","MAYERS",950
"JAMES","HAMBLIN",951
"JAMES","MALATESTA",952
"JAMES","VAN RIEMSDYK",953
"JAMIE","BENN",954
"JAMIE","DRYSDALE",955
"JAMIE","ENGELBERT",956
"JAMIE","LANGENBRUNNER",957
"JAMIE","OLEKSIAK",958
"JAMIE-LEE","RATTRAY",959
"JAMIESON","REES",960
"JAN","JENIK",961
"JAN","MYSAK",962
"JANI","HAKANPAA",963
"JANI","HAKANPÄÄ",964
"JANI","NYMAN",965
"JANNE","KUOKKANEN",966
"JANNE","NIINIMAA",967
"JANNIK","HANSEN",968
"JANSEN","HARKINS",969
"JARED","DAVIDSON",970
"JARED","MCCANN",971
"JARED","SPURGEON",972
"JARED","WOOLLEY",973
"JARET","ANDERSON-DOLAN",974
"JARI","KURRI",975
"JARKKO","RUUTU",976
"JAROME","IGINLA",977
"JAROMIR","JAGR",978
"JAROSLAV","CHMELAR",979
"JASON","ARNOTT",980
"JASON","DICKINSON",981
"JASON","POLIN",982
"JASON","POMINVILLE",983
"JASON","ROBERTSON",984
"JASON","SMITH",985
"JASON","ZUCKER",986
"JAXON","JACOBSON",987
"JAXSEN","WIEBE",988
"JAY","BOUWMEESTER",989
"JAY","MCCLEMENT",990
"JAY","PANDOLFO",991
"JAYCOB","MEGNA",992
"JAYDEN","GRUBBE",993
"JAYDEN","STRUBLE",994
"JAYSON","MEGNA",995
"JEAN","BELIVEAU",996
"JEAN","POTVIN",997
"JEAN","RATELLE",998
"JEAN-GABRIEL","PAGEAU",999
"JEFF","BEUKEBOOM",1000
"JEFF","BROWN",1001
"JEFF","MALOTT",1002
"JEFF","PETRY",1003
"JEFF","SCHULTZ",1004
"JEFF","SKINNER",1005
"JEFFREY","VIEL",1006
"JENNIFER","GARDINER",1007
"JERE","INNALA",1008
"JERE","LEHTINEN",1009
"JEREMIE","BIAKABUTUKA",1010
"JEREMIE","POIRIER",1011
"JEREMY","BOYCE",1012
"JEREMY","DAVIES",1013
"JEREMY","GROLEAU",1014
"JEREMY","HANZEL",1015
"JEREMY","LAUZON",1016
"JEREMY","ROENICK",1017
"JESPER","BOOVIST",1018
"JESPER","BOQVIST",1019
"JESPER","BRATT",1020
"JESPER","PETTERSSON",1021
"JESPER","SELLGREN",1022
"JESPERI","KOTKANIEMI",1023
"JESSE","COMPHER",1024
"JESSE","PULJUJARVI",1025
"JESSE","YLONEN",1026
"JESSICA","ADOLFSSON",1027
"JESSICA","DIGIROLAMO",1028
"JESSICA","KONDAS",1029
"JESSIE","ELDRIDGE",1030
"JETT","LUCHANKO",1031
"JETT","WOO",1032
"JILL","SAULNIER",1033
"JIM","CUMMINS",1034
"JIM","DOWD",1035
"JIM","FOX",1036
"JIM","PAEK",1037
"JIM","PEPLINSKI",1038
"JIM","SLATER",1039
"JIMMY","CARSON",1040
"JIMMY","HUNTINGTON",1041
"JIMMY","LAMBERT",1042
"JIMMY","SCHULDT",1043
"JIMMY","SNUGGERUD",1044
"JINCY","ROESE",1045
"JIRI","HRDINA",1046
"JIRI","KULICH",1047
"JIRI","SLEGR",1048
"JOAKIM","KEMELL",1049
"JOAKIM","NYGARD",1050
"JOAKIM","RYAN",1051
"JOCELYN","LEMIEUX",1052
"JOCELYNE","LAROCQUE",1053
"JODY","HULL",1054
"JODY","SHELLEY",1055
"JOE","FLEMING",1056
"JOE","GAMBARDELLA",1057
"JOE","HICKETTS",1058
"JOE","MULLEN",1059
"JOE","NIEUWENDYK",1060
"JOE","SAKIC",1061
"JOE","SNIVELY",1062
"JOE","THORNTON",1063
"JOE","VELENO",1064
"JOE","WATSON",1065
"JOEL","ARMIA",1066
"JOEL","EDMUNDSON",1067
"JOEL","ERIKSSON EK",1068
"JOEL","FARABEE",1069
"JOEL","HANLEY",1070
"JOEL","KELLMAN",1071
"JOEL","KIVIRANTA",1072
"JOEL","NYSTROM",1073
"JOEL","OTTO",1074
"JOEL","PERSSON",1075
"JOEY","ANDERSON",1076
"JOEY","KOCUR",1077
"JOEY","LALEGGIA",1078
"JOHAN","GARPENLOV",1079
"JOHAN","IVARSSON",1080
"JOHAN","JOHNSSON",1081
"JOHAN","LARSSON",1082
"JOHAN","OLOFSSON",1083
"JOHAN","SODERGRAN",1084
"JOHANNES","KINNVALL",1085
"JOHN","BEECHER",1086
"JOHN","CARLSON",1087
"JOHN","CARTER",1088
"JOHN","FARINACCI",1089
"JOHN","HAYDEN",1090
"JOHN","KLINGBERG",1091
"JOHN","LECLAIR",1092
"JOHN","LEONARD",1093
"JOHN","MACLEAN",1094
"JOHN","MARINO",1095
"JOHN","MARKS",1096
"JOHN","OGRODNICK",1097
"JOHN","STEVENS",1098
"JOHN","TAVARES",1099
"JOHN","TONELLI",1100
"JOHN-JASON","PETERKA",1101
"JOHN-MICHAEL","LILES",1102
"JOHNATHAN","KOVACEVIC",1103
"JOHNNY","BUCYK",1104
"JON","KNUTS",1105
"JON","MCDONALD",1106
"JONAH","GADJOVICH",1107
"JONAS","BERGLUND",1108
"JONAS","BRODIN",1109
"JONAS","HÖGLUND",1110
"JONAS","RONDBJERG",1111
"JONAS","SIEGENTHALER",1112
"JONATAN","BERGGREN",1113
"JONATHAN","ANG",1114
"JONATHAN","ASPIROT",1115
"JONATHAN","DAHLEN",1116
"JONATHAN","DAVIDSSON",1117
"JONATHAN","DROUIN",1118
"JONATHAN","GRUDEN",1119
"JONATHAN","HUBERDEAU",1120
"JONATHAN","JOHNSON",1121
"JONATHAN","LEKKERIMAKI",1122
"JONATHAN","MARCHESSAULT",1123
"JONATHAN","MYRENBERG",1124
"JONATHAN","PUDAS",1125
"JONATHAN","TOEWS",1126
"JONI","JURMO",1127
"JONNY","BRODZINSKI",1128
"JOONA","IKONEN",1129
"JOONA","KOPPANEN",1130
"JOONA","LUOTO",1131
"JOONAS","LYYTINEN",1132
"JORDAN","DUMAIS",1133
"JORDAN","EBERLE",1134
"JORDAN","GREENWAY",1135
"JORDAN","HARRIS",1136
"JORDAN","KYROU",1137
"JORDAN","MARTINOOK",1138
"JORDAN","OESTERLE",1139
"JORDAN","SPENCE",1140
"JORDAN","STAAL",1141
"JORIAN","DONOVAN",1142
"JOSEPH","ABATE",1143
"JOSEPH","BERGER",1144
"JOSEPH","LABATE",1145
"JOSH","ANDERSON",1146
"JOSH","BLOOM",1147
"JOSH","BROWN",1148
"JOSH","DICKINSON",1149
"JOSH","DOAN",1150
"JOSH","DUNNE",1151
"JOSH","GORGES",1152
"JOSH","JACOBS",1153
"JOSH","MAHURA",1154
"JOSH","MANSON",1155
"JOSH","MORRISSEY",1156
"JOSH","NORRIS",1157
"JOSHUA","DAVIES",1158
"JOSHUA","ROY",1159
"JOSIAH","DIDIER",1160
"JOSIAH","SLAVIN",1161
"JUDD","CAULFIELD",1162
"JUHA","JAASKA",1163
"JUJHAR","KHAIRA",1164
"JULIA","GOSLING",1165
"JULIAN","CHROBOT",1166
"JULIAN","LUTZ",1167
"JULIEN","GAUTHIER",1168
"JULIEN","MAZE",1169
"JULIUS","MIETTINEN",1170
"JURAJ","SLAFKOVSKY",1171
"JUSTIN","BARRON",1172
"JUSTIN","BRAZEAU",1173
"JUSTIN","CARBONNEAU",1174
"JUSTIN","DOWLING",1175
"JUSTIN","ERTEL",1176
"JUSTIN","FAULK",1177
"JUSTIN","HOLL",1178
"JUSTIN","HRYCKOWIAN",1179
"JUSTIN","KIRKLAND",1180
"JUSTIN","KLOOS",1181
"JUSTIN","LAROSE",1182
"JUSTIN","PEARSON",1183
"JUSTIN","ROBIDAS",1184
"JUSTIN","SOURDIF",1185
"JUUSO","MÄENPÄÄ",1186
"JUUSO","PÄRSSINEN",1187
"JUUSO","VALIMAKI",1188
"JYRKI","LUMME",1189
"K'ANDRE","MILLER",1190
"KAAPO","KAKKO",1191
"KAEDAN","KORCZAK",1192
"KAI","SCHWINDT",1193
"KAI","UCHACZ",1194
"KAIDEN","GUHLE",1195
"KAILER","YAMAMOTO",1196
"KAITLIN","WILLOUGHBY",1197
"KALE","CLAGUE",1198
"KALEB","LAWRENCE",1199
"KALI","FLANAGAN",1200
"KALLE","KOSSILA",1201
"KALLE","KRATZ",1202
"KALLE","OSTMAN",1203
"KARL","HENRIKSSON",1204
"KARSON","KUHLMAN",1205
"KASHAWN","AITCHESON",1206
"KASPER","KOTKANSALO",1207
"KASPERI","KAPANEN",1208
"KATI","TABIN",1209
"KATY","KNOLL",1210
"KAYLA","VESPA",1211
"KEATON","MIDDLETON",1212
"KEEAN","WASHKURAK",1213
"KEEGAN","KOLESAR",1214
"KEEGAN","LOWE",1215
"KEITH","ACTON",1216
"KEITH","BROWN",1217
"KEITH","CARNEY",1218
"KEITH","MAGNUSON",1219
"KEITH","PRIMEAU",1220
"KEITH","TKACHUK",1221
"KEITH","YANDLE",1222
"KELLY","PANNEK",1223
"KEN","BAUMGARTNER",1224
"KEN","DANEYKO",1225
"KEN","HODGE SR.",1226
"KEN","LINSEMAN",1227
"KENDALL","COYNE",1228
"KENT","JOHNSON",1229
"KENT","NILSSON",1230
"KEVAN","MILLER",1231
"KEVIN","BAHL",1232
"KEVIN","CONNAUTON",1233
"KEVIN","FIALA",1234
"KEVIN","GRAVEL",1235
"KEVIN","HALLER",1236
"KEVIN","HAYES",1237
"KEVIN","HE",1238
"KEVIN","KORCHINSKI",1239
"KEVIN","LOMBARDI",1240
"KEVIN","LOWE",1241
"KEVIN","MCCLELLAND",1242
"KEVIN","STENLUND",1243
"KEVIN","WALL",1244
"KIEFER","SHERWOOD",1245
"KIERON","WALTON",1246
"KIRBY","DACH",1247
"KIRILL","KAPRIZOV",1248
"KIRILL","KUDRYAVTSEV",1249
"KIRILL","MARCHENKO",1250
"KIRK","MALTBY",1251
"KJELL","SAMUELSSON",1252
"KOHYN","ESHKAWKOGAN",1253
"KOLE","LIND",1254
"KONSTA","HELENIUS",1255
"KOOPER","GIZOWSKI",1256
"KRIS","DRAPER",1257
"KRIS","KING",1258
"KRIS","LETANG",1259
"KRISTIN","O'NEILL",1260
"KURTIS","MACDERMID",1261
"KYLE","BRODZIAK",1262
"KYLE","BURROUGHS",1263
"KYLE","CAPOBIANCO",1264
"KYLE","CHIPCHURA",1265
"KYLE","CONNOR",1266
"KYLE","LOOFT",1267
"KYLE","MACLEAN",1268
"KYLE","MARINO",1269
"KYLE","MASTERS",1270
"KYLE","MCDONALD",1271
"KYLE","PALMIERI",1272
"KYLE","QUINCEY",1273
"KYLE","TURRIS",1274
"KYLE","WELLWOOD",1275
"LANDON","DUPONT",1276
"LANDON","SLAGGERT",1277
"LANE","HUTSON",1278
"LANE","PEDERSON",1279
"LANNY","MCDONALD",1280
"LARRY","MURPHY",1281
"LARRY","PLAYFAIR",1282
"LARRY","ROBINSON",1283
"LARS","BRYGGMAN",1284
"LARS","ELLER",1285
"LASSE","LAPPALAINEN",1286
"LAURA","STACEY",1287
"LAUREN","BERNARD",1288
"LAURENT","DAUPHIN",1289
"LAURI","PAJUNIEMI",1290
"LAURIE","BOSCHMAN",1291
"LAWSON","CROUSE",1292
"LEE","FOGOLIN",1293
"LEE","STECKLEIN",1294
"LEO","CARLSSON",1295
"LEO","LOOF",1296
"LEO","SAHLIN WALLENIUS",1297
"LEON","BRISTEDT",1298
"LEON","DRAISAITL",1299
"LEON","GAWANKE",1300
"LEXIE","ADZIJA",1301
"LIAM","ARNSBY",1302
"LIAM","DANIELSSON",1303
"LIAM","FOUDY",1304
"LIAM","O'BRIEN",1305
"LIAM","OHGREN",1306
"LIAM","ÖHGREN",1307
"LIAN","BICHSEL",1308
"LINUS","ARNESSON",1309
"LINUS","ERIKSSON",1310
"LINUS","HOGBERG",1311
"LINUS","JOHANSSON",1312
"LINUS","KARLSSON",1313
"LINUS","KLASEN",1314
"LINUS","LINDBLOM",1315
"LINUS","LINDSTROM",1316
"LINUS","NASSEN",1317
"LINUS","OBERG",1318
"LINUS","OLUND",1319
"LINUS","OMARK",1320
"LINUS","SANDIN",1321
"LINUS","SJODIN",1322
"LINUS","WEISSBACH",1323
"LIZ","SCHEPERS",1324
"LLEYTON","MOORE",1325
"LOGAN","BROWN",1326
"LOGAN","COOLEY",1327
"LOGAN","MAILLOUX",1328
"LOGAN","MORRISON",1329
"LOGAN","NELSON",1330
"LOGAN","O'CONNOR",1331
"LOGAN","SHAW",1332
"LOGAN","STANKOVEN",1333
"LOGAN","STANLEY",1334
"LORNE","HENNING",1335
"LOUIS","BELPEDIO",1336
"LOUIS","CREVIER",1337
"LOWELL","MACDONALD",1338
"LUBOS","HORKY",1339
"LUC","ROBITAILLE",1340
"LUCA","CAGNONI",1341
"LUCA","DEL BEL BELLUZ",1342
"LUCAS","CARLSSON",1343
"LUCAS","CIONA",1344
"LUCAS","CONDOTTA",1345
"LUCAS","EKESTAHL JONSSON",1346
"LUCAS","FORSELL",1347
"LUCAS","PETTERSSON",1348
"LUCAS","RAYMOND",1349
"LUCIEN","DEBLOIS",1350
"LUDVIG","JANSSON",1351
"LUDVIG","LEVINSSON",1352
"LUDVIG","NILSSON",1353
"LUDVIG","RENSFELDT",1354
"LUKAS","CORMIER",1355
"LUKAS","ELVENES",1356
"LUKAS","PILO",1357
"LUKAS","REICHEL",1358
"LUKAS","ROUSEK",1359
"LUKAS","SAWCHYN",1360
"LUKAS","VEJDEMO",1361
"LUKE","EVANGELISTA",1362
"LUKE","HENMAN",1363
"LUKE","HUGHES",1364
"LUKE","KRYS",1365
"LUKE","KUNIN",1366
"LUKE","MARTIN",1367
"LUKE","MISTELBACHER",1368
"LUKE","RICHARDSON",1369
"LUKE","ROWE",1370
"LUKE","SCHENN",1371
"LYNDEN","LAKOVIC",1372
"MACKENZIE","ENTWISTLE",1373
"MACKENZIE","MACEACHERN",1374
"MACKENZIE","WEEGAR",1375
"MACKIE","SAMOSKEVICH",1376
"MACKLIN","CELEBRINI",1377
"MADDOX","DAGENAIS",1378
"MAE","BATHERSON",1379
"MAGGIE","CONNORS",1380
"MAGGIE","FLAHERTY",1381
"MAGNUS","ARVEDSON",1382
"MAGNUS","NYGREN",1383
"MAGNUS","PAAJARVI",1384
"MAJA","NYLEN PERSSON",1385
"MAKSYMILIAN","SZUBER",1386
"MANNON","MCMAHON",1387
"MANS","FORSF-JALL",1388
"MANUEL","AGREN",1389
"MARAT","KHUSNUTDINOV",1390
"MARC","DEL GAIZO",1391
"MARC","GATCOMB",1392
"MARC","JOHNSTONE",1393
"MARC","MCLAUGHLIN",1394
"MARC-ANDRE","GAUDET",1395
"MARCEL","DIONNE",1396
"MARCEL","GOC",1397
"MARCEL","MARCEL",1398
"MARCO","KASPER",1399
"MARCO","ROSSI",1400
"MARCUS","FOLIGNO",1401
"MARCUS","HARDEGARD",1402
"MARCUS","JOHANSSON",1403
"MARCUS","KARLBERG",1404
"MARCUS","KEARSEY",1405
"MARCUS","KRUGER",1406
"MARCUS","PETTERSSON",1407
"MARCUS","WESTFALT",1408
"MAREK","ALSCHER",1409
"MAREK","VANACKER",1410
"MAREK","ZIDLICKY",1411
"MARIAH","KEOPPLE",1412
"MARIAN","HOSSA",1413
"MARIAN","STUDENIC",1414
"MARIE-PHILIP","POULIN",1415
"MARIO","FERRARO",1416
"MARIO","LEMIEUX",1417
"MARIO","MAROIS",1418
"MARIO","TREMBLAY",1419
"MARK","BELL",1420
"MARK","FRIEDMAN",1421
"MARK","HOWE",1422
"MARK","HUNTER",1423
"MARK","JANKOWSKI",1424
"MARK","KASTELIC",1425
"MARK","LIWISKI",1426
"MARK","MESSIER",1427
"MARK","NAPIER",1428
"MARK","OSBORNE",1429
"MARK","PARRISH",1430
"MARK","RECCHI",1431
"MARK","SCHEIFELE",1432
"MARK","SENDEN",1433
"MARK","STONE",1434
"MARKO","SIKIC",1435
"MARKUS","LJUNGH",1436
"MARKUS","NASLUND",1437
"MARKUS","NURMI",1438
"MARSHALL","RIFAI",1439
"MARSHALL","WARREN",1440
"MARTIN","CHROMIAK",1441
"MARTIN","FEHERVARY",1442
"MARTIN","FRK",1443
"MARTIN","GELINAS",1444
"MARTIN","JOHNSEN",1445
"MARTIN","LAPOINTE",1446
"MARTIN","NECAS",1447
"MARTIN","POSPISIL",1448
"MARTIN","SCHREIBER",1449
"MARTIN","ST. LOUIS",1450
"MARTY","MCSORLEY",1451
"MARTY","REASONER",1452
"MASON","APPLETON",1453
"MASON","GEERTSEN",1454
"MASON","LOHREI",1455
"MASON","MARCHMENT",1456
"MASON","MCTAVISH",1457
"MASON","RAYMOND",1458
"MASON","SHAW",1459
"MASSIMO","RIZZO",1460
"MATEJ","BLUMEL",1461
"MATEO","NOBERT",1462
"MATHEW","BARZAL",1463
"MATHIAS","BROME",1464
"MATHIAS","BROMÉ",1465
"MATHIEU","DANDENAULT",1466
"MATHIEU","DE ST.PHALLE",1467
"MATHIEU","JOSEPH",1468
"MATHIEU","OLIVIER",1469
"MATHIEU","SCHNEIDER",1470
"MATIAS","LASSEN",1471
"MATIAS","MACCELLI",1472
"MATS","SUNDIN",1473
"MATS","ZUCCARELLO",1474
"MATT","BENNING",1475
"MATT","CAITO",1476
"MATT","CALVERT",1477
"MATT","CORONATO",1478
"MATT","DUCHENE",1479
"MATT","DUMBA",1480
"MATT","GOSSELIN",1481
"MATT","GRZELCYK",1482
"MATT","KESSEL",1483
"MATT","KIERSTED",1484
"MATT","LUFF",1485
"MATT","MAGGIO",1486
"MATT","ROY",1487
"MATT","STAJAN",1488
"MATT","STIENBURG",1489
"MATTEO","PIETRONIRO",1490
"MATTHEW","BARBOLINI",1491
"MATTHEW","BARNABY",1492
"MATTHEW","BOLDY",1493
"MATTHEW","CARLE",1494
"MATTHEW","HIGHMORE",1495
"MATTHEW","KNIES",1496
"MATTHEW","PECA",1497
"MATTHEW","PHILLIPS",1498
"MATTHEW","POITRAS",1499
"MATTHEW","REMPE",1500
"MATTHEW","ROBERTSON",1501
"MATTHEW","SAVOIE",1502
"MATTHEW","SCHAEFER",1503
"MATTHEW","SEMINOFF",1504
"MATTHEW","STROME",1505
"MATTHEW","TKACHUK",1506
"MATTIAS","EKHOLM",1507
"MATTIAS","GORANSSON",1508
"MATTIAS","HAVELID",1509
"MATTIAS","JANMARK",1510
"MATTIAS","NORLINDER",1511
"MATTIAS","SAMUELSSON",1512
"MATTIAS","TEDENBY",1513
"MATTY","BENIERS",1514
"MATVEI","GRIDIN",1515
"MATVEI","MICHKOV",1516
"MATVEY","PETROV",1517
"MATYAS","SAPOVALIV",1518
"MAUREEN","MURPHY",1519
"MAURICE","RICHARD",1520
"MAVERIC","LAMOUREUX",1521
"MAVRIK","BOURQUE",1522
"MAX","CROZIER",1523
"MAX","CURRAN",1524
"MAX","DOMI",1525
"MAX","FRIBERG",1526
"MAX","JONES",1527
"MAX","KROGDAHL",1528
"MAX","LAJOIE",1529
"MAX","LINDHOLM",1530
"MAX","MARTIN",1531
"MAX","MCCORMICK",1532
"MAX","MCCUE",1533
"MAX","SASSON",1534
"MAX","VERONNEAU",1535
"MAXENCE","GUENETTE",1536
"MAXIM","GROSHEV",1537
"MAXIM","MASSE",1538
"MAXIME","COURSOL",1539
"MAXIMILIAN","EISENMENGER",1540
"MAXIMUS","WANNER",1541
"MEGAN","CARTER",1542
"MEGAN","KELLER",1543
"MELLISSA","CHANNELL",1544
"MELVIN","FERNSTROM",1545
"MICAH","MILLER",1546
"MICAH","ZANDEE-HART",1547
"MICHAEL","BRANDSEGG-NYGARD",1548
"MICHAEL","BRANDSEGG-NYGÅRD",1549
"MICHAEL","BUCHINGER",1550
"MICHAEL","BUNTING",1551
"MICHAEL","CALLAHAN",1552
"MICHAEL","DEL ZOTTO",1553
"MICHAEL","EYSSIMONT",1554
"MICHAEL","KAROW",1555
"MICHAEL","LINDQVIST",1556
"MICHAEL","MATHESON",1557
"MICHAEL","MCCARRON",1558
"MICHAEL","MISA",1559
"MICHAEL","PECA",1560
"MICHAEL","PEZZETTA",1561
"MICHAEL","RASMUSSEN",1562
"MICHAL","HANDZUS",1563
"MICHAL","KEMPNY",1564
"MICHAL","PIVONKA",1565
"MICHEL","GOULET",1566
"MICHELA","CAVA",1567
"MIKA","ZIBANEJAD",1568
"MIKAEL","ANDERSSON",1569
"MIKAEL","BACKLUND",1570
"MIKAEL","GRANLUND",1571
"MIKAEL","PYYHTIA",1572
"MIKAEL","SAMUELSSON",1573
"MIKE","AMADIO",1574
"MIKE","BENNING",1575
"MIKE","COMMODORE",1576
"MIKE","DONNELLY",1577
"MIKE","FISHER",1578
"MIKE","GARTNER",1579
"MIKE","GREEN",1580
"MIKE","HARDMAN",1581
"MIKE","JOHNSON",1582
"MIKE","KEANE",1583
"MIKE","KNUBLE",1584
"MIKE","KRUSHELNYSKI",1585
"MIKE","LECLERC",1586
"MIKE","MODANO",1587
"MIKE","REILLY",1588
"MIKE","SILLINGER",1589
"MIKEY","ANDERSON",1590
"MIKEY","MILNE",1591
"MIKHAIL","SERGACHEV",1592
"MIKKEL","AAGAARD",1593
"MIKKO","RANTANEN",1594
"MIKULAS","HOVORKA",1595
"MIKYLA","GRANT-MENTIS",1596
"MILAN","HEJDUK",1597
"MILES","WOOD",1598
"MILO","ROELENS",1599
"MILTON","OSCARSON",1600
"MIRO","HEISKANEN",1601
"MITCH","MARNER",1602
"MITCHELL","CHAFFEE",1603
"MITCHELL","MCLAIN",1604
"MITCHELL","STEPHENS",1605
"MITCHELL","VANDE SOMPEL",1606
"MONTANA","ONYEBUCHI",1607
"MORGAN","BARRON",1608
"MORGAN","FROST",1609
"MORGAN","GEEKIE",1610
"MORGAN","RIELLY",1611
"MORITZ","SEIDER",1612
"MORRIS","LUKOWICH",1613
"MURRAY","BARON",1614
"MURRAY","CRAVEN",1615
"NATALIE","BUCHBINDER",1616
"NATALIE","SNODGRASS",1617
"NATALIE","SPOONER",1618
"NATE","CLURMAN",1619
"NATE","DANIELSON",1620
"NATE","SCHMIDT",1621
"NATE","SMITH",1622
"NATHAN","BEHM",1623
"NATHAN","BRISSON",1624
"NATHAN","GAUCHER",1625
"NATHAN","GERBE",1626
"NATHAN","LEEK",1627
"NATHAN","LEGARE",1628
"NATHAN","MACKINNON",1629
"NATHAN","WALKER",1630
"NAVRIN","MUTTER",1631
"NAZEM","KADRI",1632
"NEAL","PIONK",1633
"NEIL","SHEA",1634
"NELSON","EMERSON",1635
"NIC","DOWD",1636
"NICHOLAS","ROBERTSON",1637
"NICK","ABRUZZESE",1638
"NICK","BJUGSTAD",1639
"NICK","BLANKENBURG",1640
"NICK","CICEK",1641
"NICK","COUSINS",1642
"NICK","DESIMONE",1643
"NICK","FOLIGNO",1644
"NICK","HOLDEN",1645
"NICK","JENSEN",1646
"NICK","KYPREOS",1647
"NICK","LEDDY",1648
"NICK","LEIVERMANN",1649
"NICK","LIBETT",1650
"NICK","PAUL",1651
"NICK","PERBIX",1652
"NICK","SCHMALTZ",1653
"NICK","SCHULTZ",1654
"NICK","SEELER",1655
"NICK","SHORE",1656
"NICK","SUZUKI",1657
"NICKLAS","LASU",1658
"NICKLAS","LIDSTROM",1659
"NICO","HISCHIER",1660
"NICO","MYATOVIC",1661
"NICO","STURM",1662
"NICOLAS","AUBE-KUBEL",1663
"NICOLAS","DESLAURIERS",1664
"NICOLAS","HAGUE",1665
"NICOLAS","ROY",1666
"NIK","ANTROPOV",1667
"NIKITA","ALEXANDROV",1668
"NIKITA","CHIBRIKOV",1669
"NIKITA","GREBENKIN",1670
"NIKITA","KUCHEROV",1671
"NIKITA","NESTERENKO",1672
"NIKITA","PRISHCHEPOV",1673
"NIKITA","ZADOROV",1674
"NIKITA V.","NOVIKOV",1675
"NIKLAS","HAGMAN",1676
"NIKLAS","HJALMARSSON",1677
"NIKLAS","KRONWALL",1678
"NIKLAS","NILSSON",1679
"NIKO","HUUHTANEN",1680
"NIKO","MIKKOLA",1681
"NIKOLA","PASIC",1682
"NIKOLAJ","EHLERS",1683
"NIKOLAS","BROUILLARD",1684
"NIKOLAS","MATINPALO",1685
"NILS","AMAN",1686
"NILS","EKMAN",1687
"NILS","HOGLANDER",1688
"NILS","LUNDKVIST",1689
"NINO","NIEDERREITER",1690
"NOAH","CATES",1691
"NOAH","DOBSON",1692
"NOAH","DOWER NILSSON",1693
"NOAH","HANIFIN",1694
"NOAH","HASA",1695
"NOAH","JUULSEN",1696
"NOAH","LAAOUAN",1697
"NOAH","PHILP",1698
"NOAH","STEEN",1699
"NOAH","WARREN",1700
"NOEL","ACCIARI",1701
"NOEL","FRANSEN",1702
"NOEL","GUNLER",1703
"NOLAN","ALLAN",1704
"NOLAN","FOOTE",1705
"NOLAN","STEVENS",1706
"NORM","ULLMAN",1707
"OLE JULIAN","BJORKVIK-HOLM",1708
"OLEN","ZELLWEGER",1709
"OLIVER","BJORKSTRAND",1710
"OLIVER","EKMAN-LARSSON",1711
"OLIVER","JOHANSSON",1712
"OLIVER","KAPANEN",1713
"OLIVER","OKULIAR",1714
"OLIVIER","NADEAU",1715
"OLLE","ALSING",1716
"OLLE","LYCKSELL",1717
"OLLE","STRANDELL",1718
"OLLI","JOKINEN",1719
"OLLI","MAATTA",1720
"ONDREJ","BECHER",1721
"ONDREJ","PALAT",1722
"ONDREJ","PAVEL",1723
"OREST","KINDRACHUK",1724
"OSCAR","EKLIND",1725
"OSCAR","ENGSUND",1726
"OSCAR","FANTENBERG",1727
"OSCAR","FISKER",1728
"OSCAR","LAWNER",1729
"OSCAR","LINDBERG",1730
"OSKAR","BÄCK",1731
"OSKAR","LANG",1732
"OSKAR","LINDBLOM",1733
"OSKAR","OLAUSSON",1734
"OSKAR","PETTERSSON",1735
"OSKAR","STAL LYRENAS",1736
"OSKAR","STEEN",1737
"OSKAR","SUNDQVIST",1738
"OSKAR","VUOLLET",1739
"OTTO","KOIVULA",1740
"OTTO","LESKINEN",1741
"OTTO","STENBERG",1742
"OWEN","BECK",1743
"OWEN","GRIFFIN",1744
"OWEN","NOLAN",1745
"OWEN","PICKERING",1746
"OWEN","POWER",1747
"OWEN","SILLINGER",1748
"OWEN","TIPPETT",1749
"OZZY","WIESBLATT",1750
"PAETYN","LEVIS",1751
"PAR","LINDHOLM",1752
"PARKER","BELL",1753
"PARKER","FORD",1754
"PARKER","KELLY",1755
"PARKER","WOTHERSPOON",1756
"PAT","FLATLEY",1757
"PAT","HICKEY",1758
"PAT","LAFONTAINE",1759
"PATRICE","BRISEBOIS",1760
"PATRICK","BROWN",1761
"PATRICK","GILES",1762
"PATRICK","KANE",1763
"PATRICK","MARLEAU",1764
"PATRICK","NEWELL",1765
"PATRICK","SHARP",1766
"PATRIK","ELIAS",1767
"PATRIK","KARLKVIST",1768
"PATRIK","LAINE",1769
"PATRIK","NOREN",1770
"PATRIK","PUISTOLA",1771
"PAUL","BISSONNETTE",1772
"PAUL","COFFEY",1773
"PAUL","COTTER",1774
"PAUL","HOLMGREN",1775
"PAUL","LADUE",1776
"PAUL","LAUS",1777
"PAUL","LUDWINSKI",1778
"PAUL","MACLEAN",1779
"PAUL","REINHART",1780
"PAVEL","BUCHNEVICH",1781
"PAVEL","DOROFEYEV",1782
"PAVEL","MINTYUKOV",1783
"PAVEL","ZACHA",1784
"PAVOL","REGENDA",1785
"PEETRO","SEPPALA",1786
"PER","ASLUND",1787
"PER","SVENSSON",1788
"PER-JOHAN","AXELSSON",1789
"PETE","MAHOVLICH",1790
"PETER","BONDRA",1791
"PETER","CEHLARIK",1792
"PETER","FORSBERG",1793
"PETER","STASTNY",1794
"PETER","STEMKOWSKI",1795
"PETER","TAGLIANETTI",1796
"PETER","WORRELL",1797
"PETTER","GRANBERG",1798
"PETTER","VESTERHEIM",1799
"PEYTON","KREBS",1800
"PHIL","ESPOSITO",1801
"PHIL","HOUSLEY",1802
"PHIL","RUSSELL",1803
"PHILIP","BROBERG",1804
"PHILIP","KEMP",1805
"PHILIP","TOMASINO",1806
"PHILIPP","KURASHEV",1807
"PHILIPPE","DAOUST",1808
"PHILIPPE","MYERS",1809
"PHILIPPE","VEILLEUX",1810
"PHILLIP","DANAULT",1811
"PHILLIP","DI GIUSEPPE",1812
"PIERRE","BOUCHARD",1813
"PIERRE","ENGVALL",1814
"PIERRE","LAROUCHE",1815
"PIERRE","TURGEON",1816
"PIERRE-LUC","DUBOIS",1817
"PIERRE-OLIVIER","JOSEPH",1818
"PIUS","SUTER",1819
"PONTUS","ANDREASSON",1820
"PONTUS","HOLMBERG",1821
"PONTUS","JOHANSSON",1822
"PONTUS","SJALIN",1823
"QUINN","HUGHES",1824
"QUINTON","BYFIELD",1825
"R.J.","UMBERGER",1826
"RADEK","FAKSA",1827
"RADIM","ZOHORNA",1828
"RADKO","GUDAS",1829
"RAFAEL","HARVEY-PINARD",1830
"RAIVIS","KRISTIANS",1831
"RANDALL","MOLLER",1832
"RANDY","BURRIDGE",1833
"RANDY","CARLYLE",1834
"RANDY","CUNNEYWORTH",1835
"RANDY","GREGG",1836
"RANDY","HILLIER",1837
"RANDY","MCKAY",1838
"RAPHAEL","LAVOIE",1839
"RASMUS","ANDERSSON",1840
"RASMUS","DAHLIN",1841
"RASMUS","RISSANEN",1842
"RASMUS","RISTOLAINEN",1843
"RASMUS","SANDIN",1844
"RAY","BOURQUE",1845
"RAY","FERRARO",1846
"RAY","SHEPPARD",1847
"RAY","WHITNEY",1848
"REBECCA","LESLIE",1849
"RED","BERENSON",1850
"RED","KELLY",1851
"REECE","VITELLI",1852
"REED","LARSON",1853
"REESE","JOHNSON",1854
"REGGIE","LEACH",1855
"REID","GARDINER",1856
"REID","SCHAEFER",1857
"REIJO","RUOTSALAINEN",1858
"REILLY","SMITH",1859
"REJEAN","HOULE",1860
"REM","PITLICK",1861
"REMI","ELIE",1862
"RENATA","FAST",1863
"RHETT","PARSONS",1864
"RICH","SUTTER",1865
"RICHARD","MATVICHUK",1866
"RICK","CHARTRAW",1867
"RICK","MIDDLETON",1868
"RICK","NASH",1869
"RICK","SMITH",1870
"RICK","TOCCHET",1871
"RICK","VAIVE",1872
"RICKARD","HUGG",1873
"RICKARD","RAKELL",1874
"RIDLY","GREIG",1875
"RIESE","GABER",1876
"RILEY","BEZEAU",1877
"RILEY","DURAN",1878
"RILEY","FIDDLER-SCHULTZ",1879
"RILEY","KIDNEY",1880
"RILEY","MCKAY",1881
"RILEY","STILLMAN",1882
"RILEY","TUFTE",1883
"RILEY","WOODS",1884
"ROB","BLAKE",1885
"ROB","DIMAIO",1886
"ROB","RAMAGE",1887
"ROB","RAY",1888
"ROBBIE","RUSSO",1889
"ROBERT","HAGG",1890
"ROBERT","KRON",1891
"ROBERT","MACMILLAN",1892
"ROBERT","ROSEN",1893
"ROBERT","THOMAS",1894
"ROBIN","HANZL",1895
"ROBIN","KOVACS",1896
"ROBIN","SALO",1897
"ROBY","JARVENTIE",1898
"ROBYN","REGEHR",1899
"ROD","BRIND'AMOUR",1900
"ROD","GILBERT",1901
"ROD","LANGWAY",1902
"ROD","SEILING",1903
"RODRIGO","ABOLS",1904
"RODWIN","DIONICIO",1905
"ROLAND","MCKEOWN",1906
"ROMAN","AHCAN",1907
"ROMAN","JOSI",1908
"ROMAN","SCHMIDT",1909
"RON","DUGUAY",1910
"RON","ELLIS",1911
"RON","FRANCIS",1912
"RON","SUTTER",1913
"RONAN","SEELEY",1914
"RONNIE","ATTARD",1915
"ROOPE","HINTZ",1916
"RORY","KERINS",1917
"ROSS","CAMPBELL",1918
"ROSS","COLTON",1919
"ROSS","JOHNSTON",1920
"ROSS","LONSBERRY",1921
"ROY","CONACHER",1922
"RUSLAN","FEDOTENKO",1923
"RUSS","COURTNALL",1924
"RUTGER","MCGROARTY",1925
"RYAN","CARPENTER",1926
"RYAN","DONATO",1927
"RYAN","ELLIS",1928
"RYAN","GAGNIER",1929
"RYAN","GRAVES",1930
"RYAN","HARTMAN",1931
"RYAN","JOHNSON",1932
"RYAN","LEONARD",1933
"RYAN","LIN",1934
"RYAN","LINDGREN",1935
"RYAN","LOMBERG",1936
"RYAN","MALONE",1937
"RYAN","MAST",1938
"RYAN","MCALLISTER",1939
"RYAN","MCCLEARY",1940
"RYAN","MCDONAGH",1941
"RYAN","MCGREGOR",1942
"RYAN","NUGENT-HOPKINS",1943
"RYAN","O'REILLY",1944
"RYAN","O'ROURKE",1945
"RYAN","POEHLING",1946
"RYAN","PULOCK",1947
"RYAN","REAVES",1948
"RYAN","ROOBROECK",1949
"RYAN","SANDELIN",1950
"RYAN","SCHMELZER",1951
"RYAN","SHEA",1952
"RYAN","SIEDEM",1953
"RYAN","SMYTH",1954
"RYAN","STROME",1955
"RYAN","SUZUKI",1956
"RYAN","TVERBERG",1957
"RYAN","UFKO",1958
"RYAN","WHITNEY",1959
"RYAN","WINTERTON",1960
"RYDER","ROLSTON",1961
"RYKER","EVANS",1962
"RYLIND","MACKINNON",1963
"SAHIL","PANWAR",1964
"SAKU","KOIVU",1965
"SAM","BENNETT",1966
"SAM","CARRICK",1967
"SAM","COLANGELO",1968
"SAM","DICKINSON",1969
"SAM","LAFFERTY",1970
"SAM","MALINSKI",1971
"SAM","REINHART",1972
"SAM","STEEL",1973
"SAMANTHA","ISBELL",1974
"SAMI","SALO",1975
"SAMI","VATANEN",1976
"SAMMY","BLAIS",1977
"SAMPO","RANTA",1978
"SAMU","TUOMAALA",1979
"SAMUEL","BITTEN",1980
"SAMUEL","BOLDUC",1981
"SAMUEL","FAGEMO",1982
"SAMUEL","GIRARD",1983
"SAMUEL","HELENIUS",1984
"SAMUEL","HONZEK",1985
"SAMUEL","JOHANNESSON",1986
"SAMUEL","LABERGE",1987
"SAMUEL","MAYER",1988
"SAMUEL","POULIN",1989
"SAMUEL","SAVOIE",1990
"SAMUEL","WALKER",1991
"SANDIS","VILMANIS",1992
"SANDY","MCCARTHY",1993
"SANTERI","HATAKKA",1994
"SANTERI","HUOVILA",1995
"SARAH","FILLIER",1996
"SARAH","NURSE",1997
"SASHA","PASTUJOV",1998
"SAVANNAH","HARMON",1999
"SAVANNAH","NORCROSS",2000
"SAWYER","BOULTON",2001
"SCOTT","GOMEZ",2002
"SCOTT","HANNAN",2003
"SCOTT","HARTNELL",2004
"SCOTT","LAUGHTON",2005
"SCOTT","MAYFIELD",2006
"SCOTT","MELLANBY",2007
"SCOTT","MORROW",2008
"SCOTT","NIEDERMAYER",2009
"SCOTT","PARKER",2010
"SCOTT","PERUNOVICH",2011
"SCOTT","THORNTON",2012
"SCOTT","WALKER",2013
"SEAMUS","CASEY",2014
"SEAN","COUTURIER",2015
"SEAN","DAY",2016
"SEAN","DURZI",2017
"SEAN","FARRELL",2018
"SEAN","HILL",2019
"SEAN","KURALY",2020
"SEAN","MALONE",2021
"SEAN","MONAHAN",2022
"SEAN","PRONGER",2023
"SEAN","WALKER",2024
"SEBASTIAN","AHO",2025
"SEBASTIAN","HARTMANN",2026
"SEBASTIAN","STRANDEBERG",2027
"SERGE","SAVARD",2028
"SERGEI","FEDOROV",2029
"SERGEI","GONCHAR",2030
"SERGEI","ZUBOV",2031
"SERGIO","MOMESSO",2032
"SETH","BARTON",2033
"SETH","GRIFFITH",2034
"SETH","JARVIS",2035
"SETH","JONES",2036
"SHAI","BUIUM",2037
"SHAKIR","MUKHAMADULLIN",2038
"SHANE","BOWERS",2039
"SHANE","DOAN",2040
"SHANE","HNIDY",2041
"SHANE","PINTO",2042
"SHANE","SMITH",2043
"SHANE","WRIGHT",2044
"SHAWN","CHAMBERS",2045
"SHAWN","MCEACHERN",2046
"SHAY","MALONEY",2047
"SHAYNE","CORSON",2048
"SHAYNE","GOSTISBEHERE",2049
"SHEA","THEODORE",2050
"SHELDON","DRIES",2051
"SHELDON","REMPAL",2052
"SHELDON","SOURAY",2053
"SHIANN","DARKANGELO",2054
"SHJON","PODEIN",2055
"SID","ABEL",2056
"SIDNEY","CROSBY",2057
"SIDNEY","MORIN",2058
"SIMON","BENOIT",2059
"SIMON","BERTILSSON",2060
"SIMON","EDVINSSON",2061
"SIMON","FORSMARK",2062
"SIMON","GAGNE",2063
"SIMON","HOLMSTROM",2064
"SIMON","JOHANSSON",2065
"SIMON","LUNDMARK",2066
"SIMON","NEMEC",2067
"SIMON","ROBERTSSON",2068
"SIMON","ZETHER",2069
"SIMON-PIER","BRUNET",2070
"SKYLER","BRIND'AMOUR",2071
"SLOAN","STANICK",2072
"SONNY","MILANO",2073
"SOPHIE","JAQUES",2074
"SOPHIE","SHIRLEY",2075
"SPENCER","SMALLMAN",2076
"SPENCER","STASTNEY",2077
"STAN","MIKITA",2078
"STANISLAV","NECKAR",2079
"STANISLAV","SVOZIL",2080
"STEFAN","MILOSEVIC",2081
"STEFAN","NOESEN",2082
"STEPHAN","LEBEAU",2083
"STEPHANE","MATTEAU",2084
"STEPHANE","QUINTAL",2085
"STEPHANE","RICHER",2086
"STEPHANE","YELLE",2087
"STEPHANIE","MARKOWSKI",2088
"STEPHEN","KASPER",2089
"STEVE","DUCHESNE",2090
"STEVE","HEINZE",2091
"STEVE","KONROYD",2092
"STEVE","LARMER",2093
"STEVE","PAYNE",2094
"STEVE","RUCCHIN",2095
"STEVE","SHUTT",2096
"STEVE","STAIOS",2097
"STEVE","SULLIVAN",2098
"STEVE","THOMAS",2099
"STEVE","VICKERS",2100
"STEVE","YZERMAN",2101
"STEVEN","LORENTZ",2102
"STEVEN","SANTINI",2103
"STEVEN","STAMKOS",2104
"STEW","GAVIN",2105
"STIAN","SOLBERG",2106
"STU","BARNES",2107
"STU","GRIMSON",2108
"SYDNEY","BARD",2109
"SYL","APPS, JR.",2110
"SYL","APPS, SR.",2111
"SYLVAIN","LEFEBVRE",2112
"T.J.","BRODIE",2113
"T.J.","TYNAN",2114
"TAGE","THOMPSON",2115
"TANNER","DICKINSON",2116
"TANNER","JEANNOT",2117
"TANNER","LACZYNSKI",2118
"TANNER","PEARSON",2119
"TAYLOR","GIRARD",2120
"TAYLOR","HALL",2121
"TAYLOR","HEISE",2122
"TAYLOR","PYATT",2123
"TAYLOR","RADDYSH",2124
"TAYLOR","WARD",2125
"TED","LINDSAY",2126
"TEDDY","BLUEGER",2127
"TEEMU","SELANNE",2128
"TEEMU","TURUNEN",2129
"TEPPO","NUMMINEN",2130
"TERIK","PARASCAK",2131
"TERRY","CRISP",2132
"TERRY","HARPER",2133
"TERRY","O'REILLY",2134
"TEUVO","TERAVAINEN",2135
"THEO","LINDSTEIN",2136
"THEO","ROCHETTE",2137
"THEODOR","LENNSTROM",2138
"THEODOR","NIEDERBACH",2139
"THEOREN","FLEURY",2140
"THERESA","SCHAFZAHL",2141
"THOMAS","BERG PAULSEN",2142
"THOMAS","BORDELEAU",2143
"THOMAS","CHABOT",2144
"THOMAS","HARLEY",2145
"THOMAS","NOVAK",2146
"THOMAS","STEEN",2147
"THOMAS","VERDON",2148
"TIE","DOMI",2149
"TIJ","IGINLA",2150
"TIM","ERIXON",2151
"TIM","HORTON",2152
"TIM","HUNTER",2153
"TIM","STÜTZLE",2154
"TIM","TAYLOR",2155
"TIMO","MEIER",2156
"TIMOTHY","LILJEGREN",2157
"TOBIAS","BJORNFOT",2158
"TOBIE","PAQUETTE-BISSON",2159
"TODD","BERTUZZI",2160
"TODD","MARCHANT",2161
"TODD","SIMPSON",2162
"TOM","BLADON",2163
"TOM","CHORSKE",2164
"TOM","FERGUS",2165
"TOM","NILSSON",2166
"TOM","WILSON",2167
"TOMAS","HERTL",2168
"TOMAS","NOSEK",2169
"TOMMY","ALBELIN",2170
"TOMMY","MILLER",2171
"TONY","DEANGELO",2172
"TONY","GRANATO",2173
"TONY","TANTI",2174
"TOPI","NIEMELA",2175
"TOPIAS","VILEN",2176
"TOREY","KRUG",2177
"TRAVIS","BARRON",2178
"TRAVIS","BOYD",2179
"TRAVIS","DERMOTT",2180
"TRAVIS","HOWE",2181
"TRAVIS","KONECNY",2182
"TRAVIS","MITCHELL",2183
"TRAVIS","MOEN",2184
"TRAVIS","SANHEIM",2185
"TRENT","FREDERIC",2186
"TREVOR","CARRICK",2187
"TREVOR","LINDEN",2188
"TREVOR","MOORE",2189
"TREVOR","VAN RIEMSDYK",2190
"TREVOR","ZEGRAS",2191
"TREY","FIX-WOLANSKY",2192
"TRISTAN","ALLARD",2193
"TRISTAN","BROZ",2194
"TRISTAN","DELISLE",2195
"TRISTAN","LUNEAU",2196
"TROY","LONEY",2197
"TROY","MURRAY",2198
"TROY","STECHER",2199
"TROY","TERRY",2200
"TUCKER","ROBERTSON",2201
"TUOMO","RUUTU",2202
"TY","CHEVELDAYOFF",2203
"TY","DELLANDREA",2204
"TY","EMBERSON",2205
"TY","GLOVER",2206
"TY","NELSON",2207
"TY","RATTIE",2208
"TY","SMITH",2209
"TYE","FELHABER",2210
"TYE","KARTYE",2211
"TYLER","BERTUZZI",2212
"TYLER","BOUCHER",2213
"TYLER","INAMOTO",2214
"TYLER","KENNEDY",2215
"TYLER","KLEVEN",2216
"TYLER","MYERS",2217
"TYLER","PITLICK",2218
"TYLER","SEGUIN",2219
"TYLER","TOFFOLI",2220
"TYLER","TUCKER",2221
"TYLER","VESEL",2222
"TYREL","BAUER",2223
"TYSON","EMPEY",2224
"TYSON","FOERSTER",2225
"TYSON","HINDS",2226
"TYSON","JOST",2227
"TYSON","KOZAK",2228
"ULF","NILSSON",2229
"ULF","SAMUELSSON",2230
"URHO","VAAKANAINEN",2231
"UVIS","BALINSKIS",2232
"UWE","KRUPP",2233
"VALERI","NICHUSHKIN",2234
"VALTTERI","PULLI",2235
"VALTTERI","PUUSTINEN",2236
"VASILY","PODKOLZIN",2237
"VERN","FIDDLER",2238
"VIC","HADFIELD",2239
"VICTOR","EKLUND",2240
"VICTOR","HEDMAN",2241
"VICTOR","LAZ",2242
"VICTOR","MANCINI",2243
"VICTOR","OLOFSSON",2244
"VICTOR","SODERSTROM",2245
"VICTOR","STJERNBORG",2246
"VIKTOR","ARVIDSSON",2247
"VIKTOR","GRAHN",2248
"VIKTOR","LODIN",2249
"VIKTOR","NEUCHEV",2250
"VILLE","HEINOLA",2251
"VILLE","KOIVUNEN",2252
"VILLE","OTTAVAINEN",2253
"VILLE","RUOTSALAINEN",2254
"VINCE","DUNN",2255
"VINCENT","ARSENEAU",2256
"VINCENT","DAMPHOUSSE",2257
"VINCENT","DESHARNAIS",2258
"VINCENT","DESJARDINS",2259
"VINCENT","TROCHECK",2260
"VINNI","LETTIERI",2261
"VINNIE","HINOSTROZA",2262
"VINNY","IORIO",2263
"VLADIMIR","TARASENKO",2264
"VLADISLAV","GAVRIKOV",2265
"VLADISLAV","KOLYACHONOK",2266
"VLADISLAV","NAMESTNIKOV",2267
"VSEVOLOD","KOMAROV",2268
"VYACHESLAV","KOZLOV",2269
"WADE","MURPHY",2270
"WADE","REDDEN",2271
"WALKER","DUEHR",2272
"WARREN","FOEGELE",2273
"WAYNE","CARLETON",2274
"WAYNE","CASHMAN",2275
"WAYNE","GRETZKY",2276
"WAYNE","PRIMEAU",2277
"WENDEL","CLARK",2278
"WIKTOR","NILSSON",2279
"WILL","BORGEN",2280
"WILL","CUYLLE",2281
"WILL","MACKINNON",2282
"WILL","SMITH",2283
"WILL","ZMOLEK",2284
"WILLIAM","CARRIER",2285
"WILLIAM","EKLUND",2286
"WILLIAM","HAJT",2287
"WILLIAM","KARLSSON",2288
"WILLIAM","LAGESSON",2289
"WILLIAM","NILSSON IGNBERG",2290
"WILLIAM","NYLANDER",2291
"WILLIAM","STROMGREN",2292
"WILLIAM","TRUDEAU",2293
"WILLIAM","VILLENEUVE",2294
"WILLIAM","VON BARNEKOW",2295
"WILLIAM","WALLINDER",2296
"WILLIAM","WIKMAN",2297
"WILLIE","MITCHELL",2298
"WILLIE","O'REE",2299
"WILLY","LINDSTROM",2300
"WILMER","SKOOG",2301
"WOJTEK","WOLSKI",2302
"WOODY","DUMART",2303
"WYATT","AAMODT",2304
"WYATT","BONGIOVANNI",2305
"WYATT","JOHNSTON",2306
"WYATT","KAISER",2307
"WYATT","NEWPOWER",2308
"WYATTE","WYLIE",2309
"XAVIER","BOURGAULT",2310
"XAVIER","PARENT",2311
"XAVIER","SIMONEAU",2312
"XAVIER","VILLENEUVE",2313
"YAKOV","TRENIN",2314
"YAN","KUZNETSOV",2315
"YANNI","GOURDE",2316
"YANNICK","RATHGEB",2317
"YANNICK","TURCOTTE",2318
"YEGOR","CHINAKHOV",2319
"YEGOR","SHARANGOVICH",2320
"YEGOR","SIDOROV",2321
"YEGOR","ZAMULA",2322
"YVAN","COURNOYER",2323
"YVON","LAMBERT",2324
"ZACH","ASTON-REESE",2325
"ZACH","BENSON",2326
"ZACH","BOGOSIAN",2327
"ZACH","DEAN",2328
"ZACH","GALLANT",2329
"ZACH","GIUTTARI",2330
"ZACH","HYMAN",2331
"ZACH","METSA",2332
"ZACH","WERENSKI",2333
"ZACH","WHITECLOUD",2334
"ZACHARY","BOLDUC",2335
"ZACHARY","L'HEUREUX",2336
"ZACHARY","MASSICOTTE",2337
"ZACK","HAYES",2338
"ZACK","KASSIAN",2339
"ZACK","MACEWEN",2340
"ZACK","OSTAPCHUK",2341
"ZAYNE","PAREKH",2342
"ZBYNEK","MICHALEK",2343
"ZDENO","CHARA",2344
"ZEB","FORSFJALL",2345
"ZEEV","BUIUM",2346
"ZEMGUS","GIRGENSONS",2347
"ZION","NYBECK",2348
"ZOE","BOYD",2349
